junction,model,rmse,mae,mape
1,XGBoost,4.436291167325367,3.25030517578125,4.621581026061584
2,XGBoost,2.741042025600556,2.183337926864624,9.764603683503923
3,XGBoost,8.773627505873293,3.5058834552764893,17.65124592491625
4,XGBoost,3.784365544831035,2.5295519828796387,34.44952707631441
