junction,model,rmse,mae,mape
1,XGBoost,4.360527515171907,3.164595365524292,4.508706624800403
2,XGBoost,2.802907224635184,2.2303950786590576,10.039488582408872
3,LSTM,8.576662613377696,3.514709302405588,18.15734934332988
4,LSTM,3.4052802411455225,2.264262883100828,31.114750273416615
