{"mu": 13.650340715502555, "sigma": 10.344662250585499}