{"mu": 44.705352072685976, "sigma": 22.42374597655521}