{"mu": 14.066723452583759, "sigma": 7.130114649857628}