{"mu": 7.08984375, "sigma": 3.3097867782158725}